{
  "name": "csv to xml(with msg templates)",
  "schema": [
    {
      "name": "Address",
      "type": "array",
      "of": "object",
      "label": "Address",
      "optional": false,
      "properties": [
        {
          "control_type": "text",
          "label": "First_Name",
          "type": "string",
          "name": "first_name"
        },
        {
          "control_type": "text",
          "label": "Last_Name",
          "type": "string",
          "name": "last_name"
        },
        {
          "control_type": "text",
          "label": "Street",
          "type": "string",
          "name": "street"
        },
        {
          "control_type": "text",
          "label": "City",
          "type": "string",
          "name": "city"
        },
        {
          "control_type": "text",
          "label": "St",
          "type": "string",
          "name": "st"
        },
        {
          "control_type": "text",
          "label": "Postal",
          "type": "string",
          "name": "postal"
        },
        {
          "control_type": "text",
          "label": "Phone",
          "type": "string",
          "name": "phone"
        }
      ]
    }
  ],
  "content": "<xml>\n    {{#Address}}\n  <tr class=\"Address\">\n      <First_Name> {{first_name}} </First_Name>\n      <Last_Name> {{last_name}} </Last_Name>\n      <Street> {{street}} </Street>\n      <City> {{city}} </City>\n      <St> {{st}} </St>\n      <Postal> {{postal}} </Postal>\n      <Phone> {{phone}} </Phone>\n  </tr>\n      {{/Address}}\n    </xml>"
}