{
  "name": "CSV to XML(with msg template)",
  "description": "When there is a trigger event, do action",
  "version": 1,
  "private": true,
  "concurrency": 1,
  "code": {
    "number": 0,
    "provider": "clock",
    "name": "scheduled_event",
    "as": "5664f9ad",
    "title": null,
    "description": "<span class=\"provider\">Trigger</span> every 5 minutes",
    "keyword": "trigger",
    "dynamicPickListSelection": {
    },
    "toggleCfg": {
    },
    "input": {
      "time_unit": "minutes",
      "trigger_every": "5"
    },
    "extended_input_schema": [
      {
        "type": "string",
        "name": "trigger_every",
        "control_type": "integer",
        "label": "Trigger every",
        "hint": "Define repeating schedule. Enter whole numbers only.\n                        This field can be set to a minimum of 5 minutes.",
        "default": "5",
        "optional": false,
        "extends_schema": true
      },
      {
        "type": "date_time",
        "name": "start_after",
        "control_type": "date_time",
        "label": "Start after",
        "hint": "Set date and time to start or leave blank to start immediately. <b>Once recipe has been run or tested, value cannot be changed.</b>",
        "optional": true,
        "extends_schema": true,
        "since_field": true,
        "render_input": "date_time_conversion",
        "parse_output": "date_time_conversion"
      }
    ],
    "block": [
      {
        "number": 1,
        "provider": "csv_parser",
        "name": "create_csv_lines",
        "as": "e4eaaaad",
        "title": null,
        "description": null,
        "keyword": "action",
        "dynamicPickListSelection": {
        },
        "toggleCfg": {
          "create_header_line": true,
          "force_quotes": true
        },
        "input": {
          "create_header_line": "true",
          "column_separator": ",",
          "force_quotes": "false",
          "column_labels": "First Name\nLast Name\nStreet\nCity\nSt\nPostal\nPhone",
          "lines": [
            {
              "column_0": "Sally",
              "column_1": "Jones",
              "column_2": "20450 Stevens Creek",
              "column_3": "Cupertino",
              "column_4": "CA",
              "column_5": "5456",
              "column_6": "0587941520"
            }
          ]
        },
        "extended_input_schema": [
          {
            "type": "array",
            "name": "lines",
            "label": "CSV data lines",
            "hint": "Provide field mappings for the CSV data below.",
            "of": "object",
            "properties": [
              {
                "control_type": "text",
                "label": "First Name",
                "optional": true,
                "sticky": true,
                "type": "string",
                "name": "column_0",
                "parent": "lines"
              },
              {
                "control_type": "text",
                "label": "Last Name",
                "optional": true,
                "sticky": true,
                "type": "string",
                "name": "column_1",
                "parent": "lines"
              },
              {
                "control_type": "text",
                "label": "Street",
                "optional": true,
                "sticky": true,
                "type": "string",
                "name": "column_2",
                "parent": "lines"
              },
              {
                "control_type": "text",
                "label": "City",
                "optional": true,
                "sticky": true,
                "type": "string",
                "name": "column_3",
                "parent": "lines"
              },
              {
                "control_type": "text",
                "label": "St",
                "optional": true,
                "sticky": true,
                "type": "string",
                "name": "column_4",
                "parent": "lines"
              },
              {
                "control_type": "text",
                "label": "Postal",
                "optional": true,
                "sticky": true,
                "type": "string",
                "name": "column_5",
                "parent": "lines"
              },
              {
                "control_type": "text",
                "label": "Phone",
                "optional": true,
                "sticky": true,
                "type": "string",
                "name": "column_6",
                "parent": "lines"
              }
            ]
          }
        ],
        "uuid": "73c4c232-c674-4093-b8fb-a99ba35b3923",
        "skip": true
      },
      {
        "number": 2,
        "provider": "csv_parser",
        "name": "parse_csv",
        "as": "b06f9305",
        "title": null,
        "description": null,
        "keyword": "action",
        "dynamicPickListSelection": {
        },
        "toggleCfg": {
        },
        "input": {
          "col_sep": ",",
          "skip_first_line": "true",
          "column_value_by": "name",
          "quote_char": "\"",
          "csv_content": "First Name,Last Name,Street,City,St,Postal,Phone\nSally,Jones,20450,Stevens Creek Blvd #150,Cupertino,CA,95014,4105554119",
          "header_line": "First Name,Last Name,Street,City,St,Postal,Phone"
        },
        "extended_output_schema": [
          {
            "type": "array",
            "name": "lines",
            "label": "Lines",
            "of": "object",
            "properties": [
              {
                "control_type": "text",
                "label": "First Name",
                "type": "string",
                "name": "First_Name"
              },
              {
                "control_type": "text",
                "label": "Last Name",
                "type": "string",
                "name": "Last_Name"
              },
              {
                "control_type": "text",
                "label": "Street",
                "type": "string",
                "name": "Street"
              },
              {
                "control_type": "text",
                "label": "City",
                "type": "string",
                "name": "City"
              },
              {
                "control_type": "text",
                "label": "St",
                "type": "string",
                "name": "St"
              },
              {
                "control_type": "text",
                "label": "Postal",
                "type": "string",
                "name": "Postal"
              },
              {
                "control_type": "text",
                "label": "Phone",
                "type": "string",
                "name": "Phone"
              }
            ]
          }
        ],
        "uuid": "bd35ea4b-be9a-4a83-be02-65d5e8426176",
        "skip": false
      },
      {
        "number": 3,
        "provider": "workato_template",
        "name": "create_document",
        "as": "3dbbd743",
        "title": null,
        "description": "Create <span class=\"provider\">message</span> using <span class=\"provider\">csv to xml</span> template",
        "keyword": "action",
        "dynamicPickListSelection": {
          "template_id": "csv to xml"
        },
        "toggleCfg": {
        },
        "input": {
          "template_id": {
            "zip_name": "csv_to_xml_with_msg_templates.workato_template.json",
            "name": "csv to xml(with msg templates)",
            "folder": ""
          },
          "template_input": {
            "Address": {
              "____source": "#{_('data.csv_parser.b06f9305.lines')}",
              "first_name": "#{_('data.csv_parser.b06f9305.lines.first.First_Name')}",
              "street": "#{_('data.csv_parser.b06f9305.lines.first.Street')}",
              "last_name": "#{_('data.csv_parser.b06f9305.lines.first.Last_Name')}",
              "city": "#{_('data.csv_parser.b06f9305.lines.first.City')}",
              "st": "#{_('data.csv_parser.b06f9305.lines.first.St')}",
              "postal": "#{_('data.csv_parser.b06f9305.lines.first.Postal')}",
              "phone": "#{_('data.csv_parser.b06f9305.lines.first.Phone')}"
            }
          }
        },
        "extended_input_schema": [
          {
            "type": "object",
            "name": "template_input",
            "label": "Template input",
            "properties": [
              {
                "name": "Address",
                "type": "array",
                "of": "object",
                "label": "Address",
                "optional": false,
                "properties": [
                  {
                    "control_type": "text",
                    "label": "First_Name",
                    "type": "string",
                    "name": "first_name",
                    "parent": "template_input.Address"
                  },
                  {
                    "control_type": "text",
                    "label": "Last_Name",
                    "type": "string",
                    "name": "last_name",
                    "parent": "template_input.Address"
                  },
                  {
                    "control_type": "text",
                    "label": "Street",
                    "type": "string",
                    "name": "street",
                    "parent": "template_input.Address"
                  },
                  {
                    "control_type": "text",
                    "label": "City",
                    "type": "string",
                    "name": "city",
                    "parent": "template_input.Address"
                  },
                  {
                    "control_type": "text",
                    "label": "St",
                    "type": "string",
                    "name": "st",
                    "parent": "template_input.Address"
                  },
                  {
                    "control_type": "text",
                    "label": "Postal",
                    "type": "string",
                    "name": "postal",
                    "parent": "template_input.Address"
                  },
                  {
                    "control_type": "text",
                    "label": "Phone",
                    "type": "string",
                    "name": "phone",
                    "parent": "template_input.Address"
                  }
                ],
                "parent": "template_input"
              }
            ]
          }
        ],
        "uuid": "f62224cf-0708-44cf-b481-91aca3e09c57"
      },
      {
        "number": 4,
        "provider": "logger",
        "name": "log_message",
        "as": "c6d8e052",
        "title": null,
        "description": null,
        "keyword": "action",
        "dynamicPickListSelection": {
        },
        "toggleCfg": {
        },
        "input": {
          "message": "=_('data.workato_template.3dbbd743.document')"
        },
        "uuid": "5ad76b39-93c6-4c84-8ce6-251fb623b4cf",
        "skip": false
      }
    ],
    "uuid": "6fbff3be-632d-4873-a8fb-c5572bb4f6f0"
  },
  "config": [
    {
      "keyword": "application",
      "provider": "logger",
      "account_id": null,
      "skip_validation": false
    },
    {
      "keyword": "application",
      "provider": "csv_parser",
      "account_id": null,
      "skip_validation": false
    },
    {
      "keyword": "application",
      "provider": "clock",
      "skip_validation": false,
      "account_id": null
    },
    {
      "keyword": "application",
      "provider": "workato_template",
      "skip_validation": false,
      "account_id": null
    }
  ]
}