{
  "name": "Python_code_excel_csv",
  "description": "",
  "version": 2,
  "private": false,
  "concurrency": 1,
  "code": {
    "number": 0,
    "provider": "clock",
    "name": "scheduled_event",
    "as": "1743be6f",
    "keyword": "trigger",
    "input": {
      "time_unit": "minutes",
      "trigger_every": "5"
    },
    "extended_input_schema": [
      {
        "control_type": "integer",
        "default": "5",
        "enforce_template_mode": true,
        "extends_schema": true,
        "hint": "Define repeating schedule. Enter whole numbers only.\n                        This field can be set to a minimum of 5 minutes.",
        "label": "Trigger every",
        "name": "trigger_every",
        "optional": false,
        "suffix": {
          "text": "minutes"
        },
        "type": "string"
      },
      {
        "control_type": "select",
        "hint": "Select the timezone to use. Leave it blank to use <b>{{authUser.account_timezone}}</b>",
        "label": "Timezone",
        "name": "timezone",
        "optional": true,
        "pick_list": "timezone_id_global_pick_list",
        "pick_list_connection_less": true,
        "type": "string"
      },
      {
        "control_type": "date_time",
        "enforce_template_mode": true,
        "extends_schema": true,
        "hint": "Set date and time to start or leave blank to start immediately. <b>Once recipe has been run or tested, value cannot be changed.</b>",
        "label": "Start after",
        "name": "start_after",
        "optional": true,
        "parse_output": "date_time_conversion",
        "since_field": true,
        "type": "date_time",
        "ignore_timezone": true,
        "render_input": "date_time_conversion"
      }
    ],
    "block": [
      {
        "number": 1,
        "provider": "workato_files",
        "name": "get_file_contents",
        "as": "bd42a0f5",
        "keyword": "action",
        "dynamicPickListSelection": {
          "file_path": {
            "ids": [
              "/",
              "/sample_exel.xlsx"
            ],
            "titles": [
              "Root directory",
              "sample_exel.xlsx"
            ]
          }
        },
        "toggleCfg": {
          "file_path": false
        },
        "input": {
          "file_path": "/sample_exel.xlsx"
        },
        "uuid": "f6eab20b-f7a8-4efe-9484-0752c02e0a73"
      },
      {
        "number": 2,
        "provider": "py_eval",
        "name": "invoke_custom_py_code",
        "as": "cedc93b9",
        "keyword": "action",
        "input": {
          "code": "import pandas as pd\nimport base64\nimport io\n\ndef main(input):\n    file_content = input['file']\n    message_bytes = base64.b64decode(file_content)\n  \n    # Excel File to memory - io — Core tools for working with streams\n    toread = io.BytesIO(message_bytes)\n    \n    try:\n        read_file = pd.read_excel(toread)\n        csv = read_file.to_csv(path_or_buf=None, index=False, header=True)\n        return {'csv': csv}\n    except Exception as e:\n        return {'error': str(e)}",
          "name": "Excel_to_CSV",
          "code_input": {
            "schema": "[{\"name\":\"file\",\"type\":\"string\",\"optional\":true,\"label\":\"file\",\"details\":{\"real_name\":\"file\"},\"control_type\":\"text\",\"parent\":[\"code_input\",\"data\"]}]",
            "data": {
              "file": "=_dp('{\"pill_type\":\"output\",\"provider\":\"workato_files\",\"line\":\"bd42a0f5\",\"path\":[\"content\"]}').to_s.encode_base64"
            }
          },
          "code_output_schema_json": "[{\"name\":\"csv\",\"type\":\"string\",\"optional\":false,\"control_type\":\"text\",\"label\":\"Csv\"}]"
        },
        "extended_output_schema": [
          {
            "label": "Output",
            "name": "output",
            "properties": [
              {
                "control_type": "text",
                "label": "Csv",
                "name": "csv",
                "type": "string",
                "optional": false
              }
            ],
            "type": "object"
          }
        ],
        "extended_input_schema": [
          {
            "control_type": "form-schema-builder",
            "hint": "Define the input fields that will be passed to your Python code",
            "label": "Input fields",
            "name": "code_input",
            "optional": true,
            "override": true,
            "properties": [
              {
                "control_type": "text",
                "label": "Schema",
                "extends_schema": true,
                "type": "string",
                "name": "schema"
              },
              {
                "properties": [
                  {
                    "control_type": "text",
                    "label": "file",
                    "name": "file",
                    "type": "string",
                    "optional": true,
                    "details": {
                      "real_name": "file"
                    },
                    "parent": [
                      "code_input",
                      "data"
                    ]
                  }
                ],
                "label": "Data",
                "type": "object",
                "name": "data"
              }
            ],
            "sticky": true,
            "type": "object"
          }
        ],
        "visible_config_fields": [
          "name",
          "code_input",
          "code_output_schema_json",
          "code",
          "code_input.data.file"
        ],
        "uuid": "16605cbd-7ef4-4ad3-94b9-99a6645909ef"
      },
      {
        "number": 3,
        "provider": "logger",
        "name": "log_message",
        "as": "98321f1d",
        "keyword": "action",
        "input": {
          "user_logs_enabled": "false",
          "message": "#{_dp('{\"pill_type\":\"output\",\"provider\":\"py_eval\",\"line\":\"cedc93b9\",\"path\":[\"output\",\"csv\"]}')}"
        },
        "extended_input_schema": [
          {
            "control_type": "switch",
            "default": false,
            "disable_formula": true,
            "extends_schema": true,
            "hint": "                Send a copy of the message to Workato logs.\n                <a href=\"https://docs.workato.com/features/logging-service.html\" target=\"_blank\" class=\"ng-scope\">\n                  Learn more\n                </a>\n",
            "label": "Send to Workato log service",
            "name": "user_logs_enabled",
            "optional": true,
            "type": "string"
          }
        ],
        "uuid": "01473152-8ab1-4baf-872f-e0623dc0c15f",
        "skip": false
      },
      {
        "number": 4,
        "provider": "gmail",
        "name": "send_mail",
        "as": "9e5634d2",
        "keyword": "action",
        "input": {
          "email_type": "text",
          "to": "rajeshjanapati@gmail.com",
          "subject": "python csv file",
          "attachments": {
            "file_binary_content": "#{_dp('{\"pill_type\":\"output\",\"provider\":\"py_eval\",\"line\":\"cedc93b9\",\"path\":[\"output\",\"csv\"]}')}",
            "file_name": "python_file.csv"
          }
        },
        "visible_config_fields": [
          "email_type",
          "body",
          "from",
          "bcc",
          "cc",
          "reply_to",
          "attachments.file_binary_content",
          "attachments.file_name"
        ],
        "uuid": "3e1c4a64-e76b-4be8-a0b9-2ed4b5bca354"
      }
    ],
    "uuid": "fb233d83-bca9-4923-b7b0-29e387d5f750"
  },
  "config": [
    {
      "keyword": "application",
      "provider": "clock",
      "skip_validation": false,
      "account_id": null
    },
    {
      "keyword": "application",
      "provider": "workato_files",
      "skip_validation": false,
      "account_id": null
    },
    {
      "keyword": "application",
      "provider": "py_eval",
      "skip_validation": false,
      "account_id": null
    },
    {
      "keyword": "application",
      "provider": "logger",
      "skip_validation": false,
      "account_id": null
    },
    {
      "keyword": "application",
      "provider": "gmail",
      "skip_validation": false,
      "account_id": {
        "zip_name": "Rajesh/my_gmail_account.connection.json",
        "name": "My Gmail account",
        "folder": "Rajesh"
      }
    }
  ]
}