{
  "name": "demo GET API",
  "method": "GET",
  "path": "getorders/{id}",
  "legacy": false,
  "recipe_id": {
    "zip_name": "API_Platform/demo_get_api.recipe.json",
    "name": "demo_GET_API",
    "folder": "API_Platform"
  },
  "api_group_id": {
    "zip_name": "api_test.api_group.json",
    "name": "API_Test",
    "folder": ""
  },
  "recipe_timeout": 30,
  "validate_request": false,
  "validation_formula": "",
  "use_cache": false,
  "cache_ttl": 600,
  "cache_keys": [
    "id"
  ],
  "cache_size_limit": 10240
}