{
  "name": "GET API",
  "method": "GET",
  "path": "get/api/{name}",
  "legacy": false,
  "recipe_id": {
    "zip_name": "API_Platform/api_test_get.recipe.json",
    "name": "API_Test_GET",
    "folder": "API_Platform"
  },
  "api_group_id": {
    "zip_name": "api_test.api_group.json",
    "name": "API_Test",
    "folder": ""
  },
  "recipe_timeout": 35,
  "validate_request": false,
  "validation_formula": "",
  "use_cache": false,
  "cache_ttl": 600,
  "cache_keys": [

  ],
  "cache_size_limit": 10240
}