{
  "name": "GET API",
  "method": "GET",
  "path": "getapi",
  "legacy": false,
  "recipe_id": {
    "zip_name": "API_Platform/API/get_api.recipe.json",
    "name": "GET API",
    "folder": "API_Platform/API"
  },
  "api_group_id": {
    "zip_name": "api_training.api_group.json",
    "name": "API_Training",
    "folder": ""
  },
  "recipe_timeout": 30,
  "validate_request": false,
  "validation_formula": "",
  "use_cache": false,
  "cache_ttl": 600,
  "cache_keys": [

  ],
  "cache_size_limit": 10240
}