{
  "name": "sample_lookup_table",
  "schema": [
    {
      "control_type": "text",
      "label": "key",
      "name": "col1",
      "type": "string",
      "sticky": true
    },
    {
      "control_type": "text",
      "label": "values",
      "name": "col2",
      "type": "string",
      "sticky": true
    },
    {
      "control_type": "text",
      "label": "Untitled column 3",
      "name": "col3",
      "type": "string",
      "sticky": false
    },
    {
      "control_type": "text",
      "label": "Untitled column 4",
      "name": "col4",
      "type": "string",
      "sticky": false
    },
    {
      "control_type": "text",
      "label": "Untitled column 5",
      "name": "col5",
      "type": "string",
      "sticky": false
    },
    {
      "control_type": "text",
      "label": "Untitled column 6",
      "name": "col6",
      "type": "string",
      "sticky": false
    },
    {
      "control_type": "text",
      "label": "Untitled column 7",
      "name": "col7",
      "type": "string",
      "sticky": false
    },
    {
      "control_type": "text",
      "label": "Untitled column 8",
      "name": "col8",
      "type": "string",
      "sticky": false
    },
    {
      "control_type": "text",
      "label": "Untitled column 9",
      "name": "col9",
      "type": "string",
      "sticky": false
    },
    {
      "control_type": "text",
      "label": "Untitled column 10",
      "name": "col10",
      "type": "string",
      "sticky": false
    }
  ],
  "max_allowed_entries_count": null
}