{
  "name": "OPA_Linux",
  "description": "When there is a trigger on a specified schedule, do action",
  "version": 21,
  "private": false,
  "concurrency": 1,
  "code": {
    "number": 0,
    "provider": "clock",
    "name": "scheduled_event",
    "as": "cfeafcbe",
    "title": null,
    "description": "<span class=\"provider\">Trigger</span> every 5 minutes",
    "keyword": "trigger",
    "dynamicPickListSelection": {
    },
    "toggleCfg": {
    },
    "input": {
      "time_unit": "minutes",
      "trigger_every": "5"
    },
    "extended_input_schema": [
      {
        "control_type": "integer",
        "default": "5",
        "enforce_template_mode": true,
        "extends_schema": true,
        "hint": "Define repeating schedule. Enter whole numbers only.\n                        This field can be set to a minimum of 5 minutes.",
        "label": "Trigger every",
        "name": "trigger_every",
        "optional": false,
        "suffix": {
          "text": "minutes"
        },
        "type": "string"
      },
      {
        "control_type": "date_time",
        "enforce_template_mode": true,
        "extends_schema": true,
        "hint": "Set date and time to start or leave blank to start immediately. <b>Once recipe has been run or tested, value cannot be changed.</b>",
        "label": "Start after",
        "name": "start_after",
        "optional": true,
        "since_field": true,
        "type": "date_time",
        "parse_output": "date_time_conversion",
        "render_input": "date_time_conversion"
      }
    ],
    "block": [
      {
        "number": 1,
        "provider": "onprem_files",
        "name": "download_file",
        "as": "f0d464da",
        "title": null,
        "description": null,
        "keyword": "action",
        "dynamicPickListSelection": {
          "path": {
            "ids": [
              "/",
              "/voice_note.ogg"
            ],
            "titles": [
              "Home folder",
              "voice_note.ogg"
            ]
          }
        },
        "toggleCfg": {
          "path": true
        },
        "input": {
          "path": "/voice_note.ogg"
        },
        "uuid": "2436ed51-bcb8-48d6-8acb-2f9ec52ddc36"
      },
      {
        "number": 2,
        "provider": "csv_parser",
        "name": "parse_csv",
        "as": "ad1a940f",
        "title": null,
        "description": null,
        "keyword": "action",
        "dynamicPickListSelection": {
        },
        "toggleCfg": {
        },
        "input": {
          "col_sep": ",",
          "skip_first_line": "true",
          "column_value_by": "index",
          "quote_char": "\"",
          "csv_content": "=_('data.onprem_files.f0d464da.content').encode_base64",
          "header_schema": "[{\"name\":\"text\",\"type\":\"string\",\"optional\":false,\"control_type\":\"text\",\"label\":\"Text\"}]"
        },
        "extended_output_schema": [
          {
            "label": "Lines",
            "name": "lines",
            "of": "object",
            "properties": [
              {
                "control_type": "text",
                "label": "text",
                "type": "string",
                "name": "column_0"
              }
            ],
            "type": "array"
          }
        ],
        "uuid": "d973f280-7ecb-45d4-a396-6cbbfe000d2e",
        "skip": true
      },
      {
        "number": 3,
        "provider": "logger",
        "name": "log_message",
        "as": "11725284",
        "title": null,
        "description": "Log <span class=\"provider\">message</span> to <span class=\"provider\">Job report</span>",
        "keyword": "action",
        "dynamicPickListSelection": {
        },
        "toggleCfg": {
        },
        "input": {
          "message": "=_('data.onprem_files.f0d464da.content').encode_urlsafe_base64"
        },
        "uuid": "02768fd9-d3ff-4038-ae4b-437846c01dcd"
      },
      {
        "number": 4,
        "provider": "gmail",
        "name": "send_mail",
        "as": "fc89a8b6",
        "title": null,
        "description": null,
        "keyword": "action",
        "dynamicPickListSelection": {
        },
        "toggleCfg": {
        },
        "input": {
          "email_type": "text",
          "to": "rajeshjanapati@gmail.com",
          "subject": "Image from Ubuntu",
          "attachments": {
            "file_binary_content": "#{_('data.onprem_files.f0d464da.content')}",
            "file_name": "Image_OPA.wav"
          }
        },
        "visible_config_fields": [
          "email_type",
          "body",
          "attachments.file_name",
          "attachments.file_binary_content"
        ],
        "uuid": "b9d97eef-e6b7-4d58-b642-1eb8c08f1f20",
        "skip": true
      }
    ],
    "uuid": "5c8562ec-80d8-427d-994a-3f78ab16125f"
  },
  "config": [
    {
      "keyword": "application",
      "provider": "clock",
      "skip_validation": false,
      "account_id": null
    },
    {
      "keyword": "application",
      "provider": "onprem_files",
      "skip_validation": false,
      "account_id": {
        "zip_name": "rajesh/rajesh_onpre.connection.json",
        "name": "Rajesh_onPre",
        "folder": "rajesh"
      }
    },
    {
      "keyword": "application",
      "provider": "gmail",
      "skip_validation": true,
      "account_id": {
        "zip_name": "rajesh/rajesh_533_account.connection.json",
        "name": "rajesh_533_account",
        "folder": "rajesh"
      }
    },
    {
      "keyword": "application",
      "provider": "csv_parser",
      "skip_validation": true,
      "account_id": null
    },
    {
      "keyword": "application",
      "provider": "logger",
      "skip_validation": false,
      "account_id": null
    }
  ]
}