{
  "name": "quickbooks_online_create_invoice",
  "description": "When there is a trigger on a specified schedule, do action",
  "version": 16,
  "private": false,
  "concurrency": 1,
  "code": {
    "number": 0,
    "provider": "clock",
    "name": "scheduled_event",
    "as": "9287389b",
    "title": null,
    "description": "<span class=\"provider\">Trigger</span> every 5 minutes",
    "keyword": "trigger",
    "dynamicPickListSelection": {
    },
    "toggleCfg": {
    },
    "input": {
      "time_unit": "minutes",
      "trigger_every": "5"
    },
    "extended_input_schema": [
      {
        "control_type": "integer",
        "default": "5",
        "enforce_template_mode": true,
        "extends_schema": true,
        "hint": "Define repeating schedule. Enter whole numbers only.\n                        This field can be set to a minimum of 5 minutes.",
        "label": "Trigger every",
        "name": "trigger_every",
        "optional": false,
        "suffix": {
          "text": "minutes"
        },
        "type": "string"
      },
      {
        "control_type": "date_time",
        "enforce_template_mode": true,
        "extends_schema": true,
        "hint": "Set date and time to start or leave blank to start immediately. <b>Once recipe has been run or tested, value cannot be changed.</b>",
        "label": "Start after",
        "name": "start_after",
        "optional": true,
        "since_field": true,
        "type": "date_time",
        "parse_output": "date_time_conversion",
        "render_input": "date_time_conversion"
      }
    ],
    "block": [
      {
        "number": 1,
        "provider": "quickbooks",
        "name": "lookup_account",
        "as": "38ca0945",
        "keyword": "action",
        "dynamicPickListSelection": {
        },
        "toggleCfg": {
        },
        "input": {
        },
        "uuid": "1daae05f-a5aa-40d0-a6d5-8d6838f2e135",
        "skip": true
      },
      {
        "number": 2,
        "keyword": "stop",
        "dynamicPickListSelection": {
        },
        "toggleCfg": {
        },
        "input": {
          "stop_with_error": "false"
        },
        "uuid": "a7a2676e-bf8a-4235-a702-2e0e93ed350c",
        "skip": true
      },
      {
        "number": 3,
        "provider": "quickbooks",
        "name": "search_bills",
        "as": "cd304cdb",
        "keyword": "action",
        "dynamicPickListSelection": {
        },
        "toggleCfg": {
        },
        "input": {
        },
        "uuid": "c06eb944-385c-4940-8ddc-1b4803023c7b"
      },
      {
        "number": 4,
        "provider": "quickbooks",
        "name": "get_attachments",
        "as": "7639f643",
        "keyword": "action",
        "dynamicPickListSelection": {
        },
        "toggleCfg": {
        },
        "input": {
          "entity_id": "1"
        },
        "uuid": "41d5abf8-eda1-4f1f-954e-807544cec419"
      },
      {
        "number": 5,
        "provider": "quickbooks",
        "name": "create_vendor",
        "as": "f5bbbb67",
        "keyword": "action",
        "dynamicPickListSelection": {
        },
        "toggleCfg": {
        },
        "input": {
          "DisplayName": "est"
        },
        "uuid": "57fa58dc-9aab-4bca-aaac-7bb4d38b5c01",
        "skip": true
      },
      {
        "number": 6,
        "provider": "quickbooks",
        "name": "create_bill_v2",
        "as": "8dd342dd",
        "title": null,
        "description": null,
        "keyword": "action",
        "dynamicPickListSelection": {
        },
        "toggleCfg": {
        },
        "input": {
          "TxnDate": "2023-04-04",
          "VendorRef": "#{_('data.quickbooks.f5bbbb67.Id')}",
          "AccountLine": {
            "Amount": "50",
            "AccountBasedExpenseLineDetail": {
              "AccountRef": "8"
            }
          }
        },
        "extended_output_schema": [
          {
            "control_type": "text",
            "label": "Bill number",
            "name": "DocNumber",
            "optional": true,
            "type": "string"
          },
          {
            "label": "Account line",
            "name": "AccountLine",
            "of": "object",
            "optional": true,
            "properties": [
              {
                "control_type": "text-area",
                "label": "Description",
                "optional": true,
                "type": "string",
                "name": "Description",
                "sticky": true
              },
              {
                "control_type": "text",
                "label": "Amount",
                "parse_output": "float_conversion",
                "type": "number",
                "name": "Amount"
              },
              {
                "properties": [
                  {
                    "control_type": "text",
                    "label": "Account ID",
                    "render_input": "make_reference",
                    "parse_output": "make_primitive",
                    "type": "string",
                    "name": "AccountRef"
                  },
                  {
                    "control_type": "text",
                    "label": "Taxable",
                    "optional": true,
                    "hint": "Valid values TAX, NON",
                    "render_input": "make_reference",
                    "parse_output": "make_primitive",
                    "type": "string",
                    "name": "TaxCodeRef"
                  }
                ],
                "label": "Account details",
                "type": "object",
                "name": "AccountBasedExpenseLineDetail"
              },
              {
                "control_type": "checkbox",
                "label": "Skip",
                "render_input": "check_boolean",
                "parse_output": {
                },
                "toggle_hint": "Select from option list",
                "toggle_field": {
                  "label": "Skip",
                  "control_type": "text",
                  "toggle_hint": "Use custom value",
                  "optional": true,
                  "render_input": "check_boolean",
                  "type": "boolean",
                  "name": "skip"
                },
                "optional": true,
                "type": "boolean",
                "name": "skip"
              }
            ],
            "type": "array"
          }
        ],
        "extended_input_schema": [
          {
            "control_type": "text",
            "label": "Bill number",
            "name": "DocNumber",
            "optional": true,
            "sticky": true,
            "type": "string"
          },
          {
            "label": "Account line",
            "name": "AccountLine",
            "of": "object",
            "optional": true,
            "properties": [
              {
                "control_type": "text-area",
                "label": "Description",
                "optional": true,
                "type": "string",
                "name": "Description",
                "sticky": true
              },
              {
                "control_type": "text",
                "label": "Amount",
                "parse_output": "float_conversion",
                "type": "number",
                "name": "Amount"
              },
              {
                "properties": [
                  {
                    "control_type": "text",
                    "label": "Account ID",
                    "render_input": "make_reference",
                    "parse_output": "make_primitive",
                    "type": "string",
                    "name": "AccountRef"
                  },
                  {
                    "control_type": "text",
                    "label": "Taxable",
                    "optional": true,
                    "hint": "Valid values TAX, NON",
                    "render_input": "make_reference",
                    "parse_output": "make_primitive",
                    "type": "string",
                    "name": "TaxCodeRef"
                  }
                ],
                "label": "Account details",
                "type": "object",
                "name": "AccountBasedExpenseLineDetail"
              },
              {
                "control_type": "checkbox",
                "label": "Skip",
                "render_input": "check_boolean",
                "parse_output": {
                },
                "toggle_hint": "Select from option list",
                "toggle_field": {
                  "label": "Skip",
                  "control_type": "text",
                  "toggle_hint": "Use custom value",
                  "optional": true,
                  "render_input": "check_boolean",
                  "type": "boolean",
                  "name": "skip"
                },
                "optional": true,
                "type": "boolean",
                "name": "skip"
              }
            ],
            "type": "array"
          }
        ],
        "uuid": "423bee23-113e-4c88-915f-68e634151131",
        "skip": true
      },
      {
        "number": 7,
        "provider": "logger",
        "name": "log_message",
        "as": "3c582042",
        "title": null,
        "description": "Log <span class=\"provider\">message</span> to <span class=\"provider\">Job report</span>",
        "keyword": "action",
        "dynamicPickListSelection": {
        },
        "toggleCfg": {
        },
        "input": {
          "message": "#{_('data.quickbooks.8dd342dd.DocNumber')}\n#{_('data.quickbooks.8dd342dd.Id')}\n#{_('data.quickbooks.8dd342dd.LinkedEstimates.first.get_estimate(TxnId>Id).BillAddr.City')}\n"
        },
        "uuid": "7c653640-ac86-4ffa-bdec-d1edda6941a0",
        "skip": true
      },
      {
        "number": 8,
        "provider": "rest",
        "name": "make_request_v2",
        "as": "cbbe20c0",
        "keyword": "action",
        "dynamicPickListSelection": {
        },
        "toggleCfg": {
        },
        "input": {
        },
        "uuid": "b84c58b8-cb96-4936-a3ad-46145f5ff67a",
        "skip": true
      }
    ],
    "uuid": "8ccef842-fdfe-4ad2-9d44-6b6e387b3c9b"
  },
  "config": [
    {
      "keyword": "application",
      "provider": "clock",
      "skip_validation": false,
      "account_id": null
    },
    {
      "keyword": "application",
      "provider": "quickbooks",
      "skip_validation": false,
      "account_id": {
        "zip_name": "rajesh_quickbooks_online_account.connection.json",
        "name": "Rajesh_Quickbooks_Online account",
        "folder": ""
      }
    },
    {
      "keyword": "application",
      "provider": "rest",
      "skip_validation": true,
      "account_id": null
    },
    {
      "keyword": "application",
      "provider": "logger",
      "skip_validation": true,
      "account_id": null
    }
  ]
}